Nombre,Sexo,Edad
Maria Gonzalez,F,27
Luis Rodriguez,M,45
Sofia Martinez,F,31
Carlos Perez,M,22
Laura Hernandez,F,39
Juan Garcia,M,33
Valeria Lopez,F,56
Pedro Sanchez,M,20
Ana Torres,F,41
Javier Ramirez,M,29
Isabella Flores,F,47
David Smith,M,24
Elena Johnson,F,32
Miguel Brown,M,51
Carmen Wilson,F,28
Jose Davis,M,40
Lucia Miller,F,35
Daniel Anderson,M,23
Adriana Taylor,F,44
Gabriel Thomas,M,42
Valentina White,F,36
Samuel Harris,M,30
Victoria Clark,F,49
John Lewis,M,37
Natalia Walker,F,50
Christian Hall,M,26
Camila Turner,F,38
Ryan Allen,M,34
Isabel Green,F,48
Anthony King,M,21
Luisa Scott,F,46
Michael Hill,M,25
Marta Martin,F,53
Robert Wright,M,43
Patricia Lee,F,54
William Turner,M,19
Daniela Adams,F,57
Nicholas Evans,M,55
Paula Hill,F,52
Brandon Mitchell,M,18
Olivia Parker,F,58
Christopher Young,M,64
Emily Lewis,F,59
Justin Turner,M,60
Sara Turner,F,61
Matthew Allen,M,62
Jennifer Moore,F,63
Aiden Jackson,M,65
Sophia Harris,F,60
